Dataset,Columna,Tipo_Dato,Descripcion,Fuente,Regla_Transformacion
api_rest_pib_historico,codigo_iso,str,,,
api_rest_pib_historico,pais,str,,,
api_rest_pib_historico,anio,str,,,
api_rest_pib_historico,pib_per_capita_usd,float64,,,
api_rest_poblacion_paises,codigo_iso,str,,,
api_rest_poblacion_paises,pais,str,,,
api_rest_poblacion_paises,poblacion,int64,,,
athlete_events,ID,int64,,,
athlete_events,Name,str,,,
athlete_events,Sex,str,,,
athlete_events,Age,int64,,,
athlete_events,Height,float64,,,
athlete_events,Weight,float64,,,
athlete_events,Team,str,,,
athlete_events,NOC,str,,,
athlete_events,Games,str,,,
athlete_events,Year,int64,,,
athlete_events,Season,str,,,
athlete_events,City,str,,,
athlete_events,Sport,str,,,
athlete_events,Event,str,,,
athlete_events,Medal,str,,,
biometria_consolidada,ID_Lectura,int64,,,
biometria_consolidada,ID_Atleta,int64,,,
biometria_consolidada,BPM,float64,,,
biometria_consolidada,Saturacion_O2,float64,,,
catalogo_eventos,ID_Evento,int64,,,
catalogo_eventos,Nombre_Evento,str,,,
clima_america_nosql,time,str,,,
clima_america_nosql,temperature_2m,float64,,,
clima_america_nosql,relative_humidity_2m,int64,,,
clima_america_nosql,precipitation,float64,,,
clima_america_nosql,Ciudad,str,,,
clima_europa_mongodb_part1,time,str,,,
clima_europa_mongodb_part1,temperature_2m,float64,,,
clima_europa_mongodb_part1,relative_humidity_2m,int64,,,
clima_europa_mongodb_part1,precipitation,float64,,,
clima_europa_mongodb_part1,Ciudad,str,,,
clima_europa_mongodb_part2,time,str,,,
clima_europa_mongodb_part2,temperature_2m,float64,,,
clima_europa_mongodb_part2,relative_humidity_2m,int64,,,
clima_europa_mongodb_part2,precipitation,float64,,,
clima_europa_mongodb_part2,Ciudad,str,,,
HDR25_Composite_indices_complete_time_series,iso3,str,,,
HDR25_Composite_indices_complete_time_series,country,str,,,
HDR25_Composite_indices_complete_time_series,hdicode,str,,,
HDR25_Composite_indices_complete_time_series,region,str,,,
HDR25_Composite_indices_complete_time_series,hdi_rank_2023,float64,,,
HDR25_Composite_indices_complete_time_series,hdi_1990,float64,,,
HDR25_Composite_indices_complete_time_series,hdi_1991,float64,,,
HDR25_Composite_indices_complete_time_series,hdi_1992,float64,,,
HDR25_Composite_indices_complete_time_series,hdi_1993,float64,,,
HDR25_Composite_indices_complete_time_series,hdi_1994,float64,,,
HDR25_Composite_indices_complete_time_series,hdi_1995,float64,,,
HDR25_Composite_indices_complete_time_series,hdi_1996,float64,,,
HDR25_Composite_indices_complete_time_series,hdi_1997,float64,,,
HDR25_Composite_indices_complete_time_series,hdi_1998,float64,,,
HDR25_Composite_indices_complete_time_series,hdi_1999,float64,,,
HDR25_Composite_indices_complete_time_series,hdi_2000,float64,,,
HDR25_Composite_indices_complete_time_series,hdi_2001,float64,,,
HDR25_Composite_indices_complete_time_series,hdi_2002,float64,,,
HDR25_Composite_indices_complete_time_series,hdi_2003,float64,,,
HDR25_Composite_indices_complete_time_series,hdi_2004,float64,,,
HDR25_Composite_indices_complete_time_series,hdi_2005,float64,,,
HDR25_Composite_indices_complete_time_series,hdi_2006,float64,,,
HDR25_Composite_indices_complete_time_series,hdi_2007,float64,,,
HDR25_Composite_indices_complete_time_series,hdi_2008,float64,,,
HDR25_Composite_indices_complete_time_series,hdi_2009,float64,,,
HDR25_Composite_indices_complete_time_series,hdi_2010,float64,,,
HDR25_Composite_indices_complete_time_series,hdi_2011,float64,,,
HDR25_Composite_indices_complete_time_series,hdi_2012,float64,,,
HDR25_Composite_indices_complete_time_series,hdi_2013,float64,,,
HDR25_Composite_indices_complete_time_series,hdi_2014,float64,,,
HDR25_Composite_indices_complete_time_series,hdi_2015,float64,,,
HDR25_Composite_indices_complete_time_series,hdi_2016,float64,,,
HDR25_Composite_indices_complete_time_series,hdi_2017,float64,,,
HDR25_Composite_indices_complete_time_series,hdi_2018,float64,,,
HDR25_Composite_indices_complete_time_series,hdi_2019,float64,,,
HDR25_Composite_indices_complete_time_series,hdi_2020,float64,,,
HDR25_Composite_indices_complete_time_series,hdi_2021,float64,,,
HDR25_Composite_indices_complete_time_series,hdi_2022,float64,,,
HDR25_Composite_indices_complete_time_series,hdi_2023,float64,,,
HDR25_Composite_indices_complete_time_series,le_1990,float64,,,
HDR25_Composite_indices_complete_time_series,le_1991,float64,,,
HDR25_Composite_indices_complete_time_series,le_1992,float64,,,
HDR25_Composite_indices_complete_time_series,le_1993,float64,,,
HDR25_Composite_indices_complete_time_series,le_1994,float64,,,
HDR25_Composite_indices_complete_time_series,le_1995,float64,,,
HDR25_Composite_indices_complete_time_series,le_1996,float64,,,
HDR25_Composite_indices_complete_time_series,le_1997,float64,,,
HDR25_Composite_indices_complete_time_series,le_1998,float64,,,
HDR25_Composite_indices_complete_time_series,le_1999,float64,,,
HDR25_Composite_indices_complete_time_series,le_2000,float64,,,
HDR25_Composite_indices_complete_time_series,le_2001,float64,,,
HDR25_Composite_indices_complete_time_series,le_2002,float64,,,
HDR25_Composite_indices_complete_time_series,le_2003,float64,,,
HDR25_Composite_indices_complete_time_series,le_2004,float64,,,
HDR25_Composite_indices_complete_time_series,le_2005,float64,,,
HDR25_Composite_indices_complete_time_series,le_2006,float64,,,
HDR25_Composite_indices_complete_time_series,le_2007,float64,,,
HDR25_Composite_indices_complete_time_series,le_2008,float64,,,
HDR25_Composite_indices_complete_time_series,le_2009,float64,,,
HDR25_Composite_indices_complete_time_series,le_2010,float64,,,
HDR25_Composite_indices_complete_time_series,le_2011,float64,,,
HDR25_Composite_indices_complete_time_series,le_2012,float64,,,
HDR25_Composite_indices_complete_time_series,le_2013,float64,,,
HDR25_Composite_indices_complete_time_series,le_2014,float64,,,
HDR25_Composite_indices_complete_time_series,le_2015,float64,,,
HDR25_Composite_indices_complete_time_series,le_2016,float64,,,
HDR25_Composite_indices_complete_time_series,le_2017,float64,,,
HDR25_Composite_indices_complete_time_series,le_2018,float64,,,
HDR25_Composite_indices_complete_time_series,le_2019,float64,,,
HDR25_Composite_indices_complete_time_series,le_2020,float64,,,
HDR25_Composite_indices_complete_time_series,le_2021,float64,,,
HDR25_Composite_indices_complete_time_series,le_2022,float64,,,
HDR25_Composite_indices_complete_time_series,le_2023,float64,,,
HDR25_Composite_indices_complete_time_series,eys_1990,float64,,,
HDR25_Composite_indices_complete_time_series,eys_1991,float64,,,
HDR25_Composite_indices_complete_time_series,eys_1992,float64,,,
HDR25_Composite_indices_complete_time_series,eys_1993,float64,,,
HDR25_Composite_indices_complete_time_series,eys_1994,float64,,,
HDR25_Composite_indices_complete_time_series,eys_1995,float64,,,
HDR25_Composite_indices_complete_time_series,eys_1996,float64,,,
HDR25_Composite_indices_complete_time_series,eys_1997,float64,,,
HDR25_Composite_indices_complete_time_series,eys_1998,float64,,,
HDR25_Composite_indices_complete_time_series,eys_1999,float64,,,
HDR25_Composite_indices_complete_time_series,eys_2000,float64,,,
HDR25_Composite_indices_complete_time_series,eys_2001,float64,,,
HDR25_Composite_indices_complete_time_series,eys_2002,float64,,,
HDR25_Composite_indices_complete_time_series,eys_2003,float64,,,
HDR25_Composite_indices_complete_time_series,eys_2004,float64,,,
HDR25_Composite_indices_complete_time_series,eys_2005,float64,,,
HDR25_Composite_indices_complete_time_series,eys_2006,float64,,,
HDR25_Composite_indices_complete_time_series,eys_2007,float64,,,
HDR25_Composite_indices_complete_time_series,eys_2008,float64,,,
HDR25_Composite_indices_complete_time_series,eys_2009,float64,,,
HDR25_Composite_indices_complete_time_series,eys_2010,float64,,,
HDR25_Composite_indices_complete_time_series,eys_2011,float64,,,
HDR25_Composite_indices_complete_time_series,eys_2012,float64,,,
HDR25_Composite_indices_complete_time_series,eys_2013,float64,,,
HDR25_Composite_indices_complete_time_series,eys_2014,float64,,,
HDR25_Composite_indices_complete_time_series,eys_2015,float64,,,
HDR25_Composite_indices_complete_time_series,eys_2016,float64,,,
HDR25_Composite_indices_complete_time_series,eys_2017,float64,,,
HDR25_Composite_indices_complete_time_series,eys_2018,float64,,,
HDR25_Composite_indices_complete_time_series,eys_2019,float64,,,
HDR25_Composite_indices_complete_time_series,eys_2020,float64,,,
HDR25_Composite_indices_complete_time_series,eys_2021,float64,,,
HDR25_Composite_indices_complete_time_series,eys_2022,float64,,,
HDR25_Composite_indices_complete_time_series,eys_2023,float64,,,
HDR25_Composite_indices_complete_time_series,mys_1990,float64,,,
HDR25_Composite_indices_complete_time_series,mys_1991,float64,,,
HDR25_Composite_indices_complete_time_series,mys_1992,float64,,,
HDR25_Composite_indices_complete_time_series,mys_1993,float64,,,
HDR25_Composite_indices_complete_time_series,mys_1994,float64,,,
HDR25_Composite_indices_complete_time_series,mys_1995,float64,,,
HDR25_Composite_indices_complete_time_series,mys_1996,float64,,,
HDR25_Composite_indices_complete_time_series,mys_1997,float64,,,
HDR25_Composite_indices_complete_time_series,mys_1998,float64,,,
HDR25_Composite_indices_complete_time_series,mys_1999,float64,,,
HDR25_Composite_indices_complete_time_series,mys_2000,float64,,,
HDR25_Composite_indices_complete_time_series,mys_2001,float64,,,
HDR25_Composite_indices_complete_time_series,mys_2002,float64,,,
HDR25_Composite_indices_complete_time_series,mys_2003,float64,,,
HDR25_Composite_indices_complete_time_series,mys_2004,float64,,,
HDR25_Composite_indices_complete_time_series,mys_2005,float64,,,
HDR25_Composite_indices_complete_time_series,mys_2006,float64,,,
HDR25_Composite_indices_complete_time_series,mys_2007,float64,,,
HDR25_Composite_indices_complete_time_series,mys_2008,float64,,,
HDR25_Composite_indices_complete_time_series,mys_2009,float64,,,
HDR25_Composite_indices_complete_time_series,mys_2010,float64,,,
HDR25_Composite_indices_complete_time_series,mys_2011,float64,,,
HDR25_Composite_indices_complete_time_series,mys_2012,float64,,,
HDR25_Composite_indices_complete_time_series,mys_2013,float64,,,
HDR25_Composite_indices_complete_time_series,mys_2014,float64,,,
HDR25_Composite_indices_complete_time_series,mys_2015,float64,,,
HDR25_Composite_indices_complete_time_series,mys_2016,float64,,,
HDR25_Composite_indices_complete_time_series,mys_2017,float64,,,
HDR25_Composite_indices_complete_time_series,mys_2018,float64,,,
HDR25_Composite_indices_complete_time_series,mys_2019,float64,,,
HDR25_Composite_indices_complete_time_series,mys_2020,float64,,,
HDR25_Composite_indices_complete_time_series,mys_2021,float64,,,
HDR25_Composite_indices_complete_time_series,mys_2022,float64,,,
HDR25_Composite_indices_complete_time_series,mys_2023,float64,,,
HDR25_Composite_indices_complete_time_series,gnipc_1990,float64,,,
HDR25_Composite_indices_complete_time_series,gnipc_1991,float64,,,
HDR25_Composite_indices_complete_time_series,gnipc_1992,float64,,,
HDR25_Composite_indices_complete_time_series,gnipc_1993,float64,,,
HDR25_Composite_indices_complete_time_series,gnipc_1994,float64,,,
HDR25_Composite_indices_complete_time_series,gnipc_1995,float64,,,
HDR25_Composite_indices_complete_time_series,gnipc_1996,float64,,,
HDR25_Composite_indices_complete_time_series,gnipc_1997,float64,,,
HDR25_Composite_indices_complete_time_series,gnipc_1998,float64,,,
HDR25_Composite_indices_complete_time_series,gnipc_1999,float64,,,
HDR25_Composite_indices_complete_time_series,gnipc_2000,float64,,,
HDR25_Composite_indices_complete_time_series,gnipc_2001,float64,,,
HDR25_Composite_indices_complete_time_series,gnipc_2002,float64,,,
HDR25_Composite_indices_complete_time_series,gnipc_2003,float64,,,
HDR25_Composite_indices_complete_time_series,gnipc_2004,float64,,,
HDR25_Composite_indices_complete_time_series,gnipc_2005,float64,,,
HDR25_Composite_indices_complete_time_series,gnipc_2006,float64,,,
HDR25_Composite_indices_complete_time_series,gnipc_2007,float64,,,
HDR25_Composite_indices_complete_time_series,gnipc_2008,float64,,,
HDR25_Composite_indices_complete_time_series,gnipc_2009,float64,,,
HDR25_Composite_indices_complete_time_series,gnipc_2010,float64,,,
HDR25_Composite_indices_complete_time_series,gnipc_2011,float64,,,
HDR25_Composite_indices_complete_time_series,gnipc_2012,float64,,,
HDR25_Composite_indices_complete_time_series,gnipc_2013,float64,,,
HDR25_Composite_indices_complete_time_series,gnipc_2014,float64,,,
HDR25_Composite_indices_complete_time_series,gnipc_2015,float64,,,
HDR25_Composite_indices_complete_time_series,gnipc_2016,float64,,,
HDR25_Composite_indices_complete_time_series,gnipc_2017,float64,,,
HDR25_Composite_indices_complete_time_series,gnipc_2018,float64,,,
HDR25_Composite_indices_complete_time_series,gnipc_2019,float64,,,
HDR25_Composite_indices_complete_time_series,gnipc_2020,float64,,,
HDR25_Composite_indices_complete_time_series,gnipc_2021,float64,,,
HDR25_Composite_indices_complete_time_series,gnipc_2022,float64,,,
HDR25_Composite_indices_complete_time_series,gnipc_2023,float64,,,
HDR25_Composite_indices_complete_time_series,gdi_group_2023,float64,,,
HDR25_Composite_indices_complete_time_series,gdi_1990,float64,,,
HDR25_Composite_indices_complete_time_series,gdi_1991,float64,,,
HDR25_Composite_indices_complete_time_series,gdi_1992,float64,,,
HDR25_Composite_indices_complete_time_series,gdi_1993,float64,,,
HDR25_Composite_indices_complete_time_series,gdi_1994,float64,,,
HDR25_Composite_indices_complete_time_series,gdi_1995,float64,,,
HDR25_Composite_indices_complete_time_series,gdi_1996,float64,,,
HDR25_Composite_indices_complete_time_series,gdi_1997,float64,,,
HDR25_Composite_indices_complete_time_series,gdi_1998,float64,,,
HDR25_Composite_indices_complete_time_series,gdi_1999,float64,,,
HDR25_Composite_indices_complete_time_series,gdi_2000,float64,,,
HDR25_Composite_indices_complete_time_series,gdi_2001,float64,,,
HDR25_Composite_indices_complete_time_series,gdi_2002,float64,,,
HDR25_Composite_indices_complete_time_series,gdi_2003,float64,,,
HDR25_Composite_indices_complete_time_series,gdi_2004,float64,,,
HDR25_Composite_indices_complete_time_series,gdi_2005,float64,,,
HDR25_Composite_indices_complete_time_series,gdi_2006,float64,,,
HDR25_Composite_indices_complete_time_series,gdi_2007,float64,,,
HDR25_Composite_indices_complete_time_series,gdi_2008,float64,,,
HDR25_Composite_indices_complete_time_series,gdi_2009,float64,,,
HDR25_Composite_indices_complete_time_series,gdi_2010,float64,,,
HDR25_Composite_indices_complete_time_series,gdi_2011,float64,,,
HDR25_Composite_indices_complete_time_series,gdi_2012,float64,,,
HDR25_Composite_indices_complete_time_series,gdi_2013,float64,,,
HDR25_Composite_indices_complete_time_series,gdi_2014,float64,,,
HDR25_Composite_indices_complete_time_series,gdi_2015,float64,,,
HDR25_Composite_indices_complete_time_series,gdi_2016,float64,,,
HDR25_Composite_indices_complete_time_series,gdi_2017,float64,,,
HDR25_Composite_indices_complete_time_series,gdi_2018,float64,,,
HDR25_Composite_indices_complete_time_series,gdi_2019,float64,,,
HDR25_Composite_indices_complete_time_series,gdi_2020,float64,,,
HDR25_Composite_indices_complete_time_series,gdi_2021,float64,,,
HDR25_Composite_indices_complete_time_series,gdi_2022,float64,,,
HDR25_Composite_indices_complete_time_series,gdi_2023,float64,,,
HDR25_Composite_indices_complete_time_series,hdi_f_1990,float64,,,
HDR25_Composite_indices_complete_time_series,hdi_f_1991,float64,,,
HDR25_Composite_indices_complete_time_series,hdi_f_1992,float64,,,
HDR25_Composite_indices_complete_time_series,hdi_f_1993,float64,,,
HDR25_Composite_indices_complete_time_series,hdi_f_1994,float64,,,
HDR25_Composite_indices_complete_time_series,hdi_f_1995,float64,,,
HDR25_Composite_indices_complete_time_series,hdi_f_1996,float64,,,
HDR25_Composite_indices_complete_time_series,hdi_f_1997,float64,,,
HDR25_Composite_indices_complete_time_series,hdi_f_1998,float64,,,
HDR25_Composite_indices_complete_time_series,hdi_f_1999,float64,,,
HDR25_Composite_indices_complete_time_series,hdi_f_2000,float64,,,
HDR25_Composite_indices_complete_time_series,hdi_f_2001,float64,,,
HDR25_Composite_indices_complete_time_series,hdi_f_2002,float64,,,
HDR25_Composite_indices_complete_time_series,hdi_f_2003,float64,,,
HDR25_Composite_indices_complete_time_series,hdi_f_2004,float64,,,
HDR25_Composite_indices_complete_time_series,hdi_f_2005,float64,,,
HDR25_Composite_indices_complete_time_series,hdi_f_2006,float64,,,
HDR25_Composite_indices_complete_time_series,hdi_f_2007,float64,,,
HDR25_Composite_indices_complete_time_series,hdi_f_2008,float64,,,
HDR25_Composite_indices_complete_time_series,hdi_f_2009,float64,,,
HDR25_Composite_indices_complete_time_series,hdi_f_2010,float64,,,
HDR25_Composite_indices_complete_time_series,hdi_f_2011,float64,,,
HDR25_Composite_indices_complete_time_series,hdi_f_2012,float64,,,
HDR25_Composite_indices_complete_time_series,hdi_f_2013,float64,,,
HDR25_Composite_indices_complete_time_series,hdi_f_2014,float64,,,
HDR25_Composite_indices_complete_time_series,hdi_f_2015,float64,,,
HDR25_Composite_indices_complete_time_series,hdi_f_2016,float64,,,
HDR25_Composite_indices_complete_time_series,hdi_f_2017,float64,,,
HDR25_Composite_indices_complete_time_series,hdi_f_2018,float64,,,
HDR25_Composite_indices_complete_time_series,hdi_f_2019,float64,,,
HDR25_Composite_indices_complete_time_series,hdi_f_2020,float64,,,
HDR25_Composite_indices_complete_time_series,hdi_f_2021,float64,,,
HDR25_Composite_indices_complete_time_series,hdi_f_2022,float64,,,
HDR25_Composite_indices_complete_time_series,hdi_f_2023,float64,,,
HDR25_Composite_indices_complete_time_series,le_f_1990,float64,,,
HDR25_Composite_indices_complete_time_series,le_f_1991,float64,,,
HDR25_Composite_indices_complete_time_series,le_f_1992,float64,,,
HDR25_Composite_indices_complete_time_series,le_f_1993,float64,,,
HDR25_Composite_indices_complete_time_series,le_f_1994,float64,,,
HDR25_Composite_indices_complete_time_series,le_f_1995,float64,,,
HDR25_Composite_indices_complete_time_series,le_f_1996,float64,,,
HDR25_Composite_indices_complete_time_series,le_f_1997,float64,,,
HDR25_Composite_indices_complete_time_series,le_f_1998,float64,,,
HDR25_Composite_indices_complete_time_series,le_f_1999,float64,,,
HDR25_Composite_indices_complete_time_series,le_f_2000,float64,,,
HDR25_Composite_indices_complete_time_series,le_f_2001,float64,,,
HDR25_Composite_indices_complete_time_series,le_f_2002,float64,,,
HDR25_Composite_indices_complete_time_series,le_f_2003,float64,,,
HDR25_Composite_indices_complete_time_series,le_f_2004,float64,,,
HDR25_Composite_indices_complete_time_series,le_f_2005,float64,,,
HDR25_Composite_indices_complete_time_series,le_f_2006,float64,,,
HDR25_Composite_indices_complete_time_series,le_f_2007,float64,,,
HDR25_Composite_indices_complete_time_series,le_f_2008,float64,,,
HDR25_Composite_indices_complete_time_series,le_f_2009,float64,,,
HDR25_Composite_indices_complete_time_series,le_f_2010,float64,,,
HDR25_Composite_indices_complete_time_series,le_f_2011,float64,,,
HDR25_Composite_indices_complete_time_series,le_f_2012,float64,,,
HDR25_Composite_indices_complete_time_series,le_f_2013,float64,,,
HDR25_Composite_indices_complete_time_series,le_f_2014,float64,,,
HDR25_Composite_indices_complete_time_series,le_f_2015,float64,,,
HDR25_Composite_indices_complete_time_series,le_f_2016,float64,,,
HDR25_Composite_indices_complete_time_series,le_f_2017,float64,,,
HDR25_Composite_indices_complete_time_series,le_f_2018,float64,,,
HDR25_Composite_indices_complete_time_series,le_f_2019,float64,,,
HDR25_Composite_indices_complete_time_series,le_f_2020,float64,,,
HDR25_Composite_indices_complete_time_series,le_f_2021,float64,,,
HDR25_Composite_indices_complete_time_series,le_f_2022,float64,,,
HDR25_Composite_indices_complete_time_series,le_f_2023,float64,,,
HDR25_Composite_indices_complete_time_series,eys_f_1990,float64,,,
HDR25_Composite_indices_complete_time_series,eys_f_1991,float64,,,
HDR25_Composite_indices_complete_time_series,eys_f_1992,float64,,,
HDR25_Composite_indices_complete_time_series,eys_f_1993,float64,,,
HDR25_Composite_indices_complete_time_series,eys_f_1994,float64,,,
HDR25_Composite_indices_complete_time_series,eys_f_1995,float64,,,
HDR25_Composite_indices_complete_time_series,eys_f_1996,float64,,,
HDR25_Composite_indices_complete_time_series,eys_f_1997,float64,,,
HDR25_Composite_indices_complete_time_series,eys_f_1998,float64,,,
HDR25_Composite_indices_complete_time_series,eys_f_1999,float64,,,
HDR25_Composite_indices_complete_time_series,eys_f_2000,float64,,,
HDR25_Composite_indices_complete_time_series,eys_f_2001,float64,,,
HDR25_Composite_indices_complete_time_series,eys_f_2002,float64,,,
HDR25_Composite_indices_complete_time_series,eys_f_2003,float64,,,
HDR25_Composite_indices_complete_time_series,eys_f_2004,float64,,,
HDR25_Composite_indices_complete_time_series,eys_f_2005,float64,,,
HDR25_Composite_indices_complete_time_series,eys_f_2006,float64,,,
HDR25_Composite_indices_complete_time_series,eys_f_2007,float64,,,
HDR25_Composite_indices_complete_time_series,eys_f_2008,float64,,,
HDR25_Composite_indices_complete_time_series,eys_f_2009,float64,,,
HDR25_Composite_indices_complete_time_series,eys_f_2010,float64,,,
HDR25_Composite_indices_complete_time_series,eys_f_2011,float64,,,
HDR25_Composite_indices_complete_time_series,eys_f_2012,float64,,,
HDR25_Composite_indices_complete_time_series,eys_f_2013,float64,,,
HDR25_Composite_indices_complete_time_series,eys_f_2014,float64,,,
HDR25_Composite_indices_complete_time_series,eys_f_2015,float64,,,
HDR25_Composite_indices_complete_time_series,eys_f_2016,float64,,,
HDR25_Composite_indices_complete_time_series,eys_f_2017,float64,,,
HDR25_Composite_indices_complete_time_series,eys_f_2018,float64,,,
HDR25_Composite_indices_complete_time_series,eys_f_2019,float64,,,
HDR25_Composite_indices_complete_time_series,eys_f_2020,float64,,,
HDR25_Composite_indices_complete_time_series,eys_f_2021,float64,,,
HDR25_Composite_indices_complete_time_series,eys_f_2022,float64,,,
HDR25_Composite_indices_complete_time_series,eys_f_2023,float64,,,
HDR25_Composite_indices_complete_time_series,mys_f_1990,float64,,,
HDR25_Composite_indices_complete_time_series,mys_f_1991,float64,,,
HDR25_Composite_indices_complete_time_series,mys_f_1992,float64,,,
HDR25_Composite_indices_complete_time_series,mys_f_1993,float64,,,
HDR25_Composite_indices_complete_time_series,mys_f_1994,float64,,,
HDR25_Composite_indices_complete_time_series,mys_f_1995,float64,,,
HDR25_Composite_indices_complete_time_series,mys_f_1996,float64,,,
HDR25_Composite_indices_complete_time_series,mys_f_1997,float64,,,
HDR25_Composite_indices_complete_time_series,mys_f_1998,float64,,,
HDR25_Composite_indices_complete_time_series,mys_f_1999,float64,,,
HDR25_Composite_indices_complete_time_series,mys_f_2000,float64,,,
HDR25_Composite_indices_complete_time_series,mys_f_2001,float64,,,
HDR25_Composite_indices_complete_time_series,mys_f_2002,float64,,,
HDR25_Composite_indices_complete_time_series,mys_f_2003,float64,,,
HDR25_Composite_indices_complete_time_series,mys_f_2004,float64,,,
HDR25_Composite_indices_complete_time_series,mys_f_2005,float64,,,
HDR25_Composite_indices_complete_time_series,mys_f_2006,float64,,,
HDR25_Composite_indices_complete_time_series,mys_f_2007,float64,,,
HDR25_Composite_indices_complete_time_series,mys_f_2008,float64,,,
HDR25_Composite_indices_complete_time_series,mys_f_2009,float64,,,
HDR25_Composite_indices_complete_time_series,mys_f_2010,float64,,,
HDR25_Composite_indices_complete_time_series,mys_f_2011,float64,,,
HDR25_Composite_indices_complete_time_series,mys_f_2012,float64,,,
HDR25_Composite_indices_complete_time_series,mys_f_2013,float64,,,
HDR25_Composite_indices_complete_time_series,mys_f_2014,float64,,,
HDR25_Composite_indices_complete_time_series,mys_f_2015,float64,,,
HDR25_Composite_indices_complete_time_series,mys_f_2016,float64,,,
HDR25_Composite_indices_complete_time_series,mys_f_2017,float64,,,
HDR25_Composite_indices_complete_time_series,mys_f_2018,float64,,,
HDR25_Composite_indices_complete_time_series,mys_f_2019,float64,,,
HDR25_Composite_indices_complete_time_series,mys_f_2020,float64,,,
HDR25_Composite_indices_complete_time_series,mys_f_2021,float64,,,
HDR25_Composite_indices_complete_time_series,mys_f_2022,float64,,,
HDR25_Composite_indices_complete_time_series,mys_f_2023,float64,,,
HDR25_Composite_indices_complete_time_series,gni_pc_f_1990,float64,,,
HDR25_Composite_indices_complete_time_series,gni_pc_f_1991,float64,,,
HDR25_Composite_indices_complete_time_series,gni_pc_f_1992,float64,,,
HDR25_Composite_indices_complete_time_series,gni_pc_f_1993,float64,,,
HDR25_Composite_indices_complete_time_series,gni_pc_f_1994,float64,,,
HDR25_Composite_indices_complete_time_series,gni_pc_f_1995,float64,,,
HDR25_Composite_indices_complete_time_series,gni_pc_f_1996,float64,,,
HDR25_Composite_indices_complete_time_series,gni_pc_f_1997,float64,,,
HDR25_Composite_indices_complete_time_series,gni_pc_f_1998,float64,,,
HDR25_Composite_indices_complete_time_series,gni_pc_f_1999,float64,,,
HDR25_Composite_indices_complete_time_series,gni_pc_f_2000,float64,,,
HDR25_Composite_indices_complete_time_series,gni_pc_f_2001,float64,,,
HDR25_Composite_indices_complete_time_series,gni_pc_f_2002,float64,,,
HDR25_Composite_indices_complete_time_series,gni_pc_f_2003,float64,,,
HDR25_Composite_indices_complete_time_series,gni_pc_f_2004,float64,,,
HDR25_Composite_indices_complete_time_series,gni_pc_f_2005,float64,,,
HDR25_Composite_indices_complete_time_series,gni_pc_f_2006,float64,,,
HDR25_Composite_indices_complete_time_series,gni_pc_f_2007,float64,,,
HDR25_Composite_indices_complete_time_series,gni_pc_f_2008,float64,,,
HDR25_Composite_indices_complete_time_series,gni_pc_f_2009,float64,,,
HDR25_Composite_indices_complete_time_series,gni_pc_f_2010,float64,,,
HDR25_Composite_indices_complete_time_series,gni_pc_f_2011,float64,,,
HDR25_Composite_indices_complete_time_series,gni_pc_f_2012,float64,,,
HDR25_Composite_indices_complete_time_series,gni_pc_f_2013,float64,,,
HDR25_Composite_indices_complete_time_series,gni_pc_f_2014,float64,,,
HDR25_Composite_indices_complete_time_series,gni_pc_f_2015,float64,,,
HDR25_Composite_indices_complete_time_series,gni_pc_f_2016,float64,,,
HDR25_Composite_indices_complete_time_series,gni_pc_f_2017,float64,,,
HDR25_Composite_indices_complete_time_series,gni_pc_f_2018,float64,,,
HDR25_Composite_indices_complete_time_series,gni_pc_f_2019,float64,,,
HDR25_Composite_indices_complete_time_series,gni_pc_f_2020,float64,,,
HDR25_Composite_indices_complete_time_series,gni_pc_f_2021,float64,,,
HDR25_Composite_indices_complete_time_series,gni_pc_f_2022,float64,,,
HDR25_Composite_indices_complete_time_series,gni_pc_f_2023,float64,,,
HDR25_Composite_indices_complete_time_series,hdi_m_1990,float64,,,
HDR25_Composite_indices_complete_time_series,hdi_m_1991,float64,,,
HDR25_Composite_indices_complete_time_series,hdi_m_1992,float64,,,
HDR25_Composite_indices_complete_time_series,hdi_m_1993,float64,,,
HDR25_Composite_indices_complete_time_series,hdi_m_1994,float64,,,
HDR25_Composite_indices_complete_time_series,hdi_m_1995,float64,,,
HDR25_Composite_indices_complete_time_series,hdi_m_1996,float64,,,
HDR25_Composite_indices_complete_time_series,hdi_m_1997,float64,,,
HDR25_Composite_indices_complete_time_series,hdi_m_1998,float64,,,
HDR25_Composite_indices_complete_time_series,hdi_m_1999,float64,,,
HDR25_Composite_indices_complete_time_series,hdi_m_2000,float64,,,
HDR25_Composite_indices_complete_time_series,hdi_m_2001,float64,,,
HDR25_Composite_indices_complete_time_series,hdi_m_2002,float64,,,
HDR25_Composite_indices_complete_time_series,hdi_m_2003,float64,,,
HDR25_Composite_indices_complete_time_series,hdi_m_2004,float64,,,
HDR25_Composite_indices_complete_time_series,hdi_m_2005,float64,,,
HDR25_Composite_indices_complete_time_series,hdi_m_2006,float64,,,
HDR25_Composite_indices_complete_time_series,hdi_m_2007,float64,,,
HDR25_Composite_indices_complete_time_series,hdi_m_2008,float64,,,
HDR25_Composite_indices_complete_time_series,hdi_m_2009,float64,,,
HDR25_Composite_indices_complete_time_series,hdi_m_2010,float64,,,
HDR25_Composite_indices_complete_time_series,hdi_m_2011,float64,,,
HDR25_Composite_indices_complete_time_series,hdi_m_2012,float64,,,
HDR25_Composite_indices_complete_time_series,hdi_m_2013,float64,,,
HDR25_Composite_indices_complete_time_series,hdi_m_2014,float64,,,
HDR25_Composite_indices_complete_time_series,hdi_m_2015,float64,,,
HDR25_Composite_indices_complete_time_series,hdi_m_2016,float64,,,
HDR25_Composite_indices_complete_time_series,hdi_m_2017,float64,,,
HDR25_Composite_indices_complete_time_series,hdi_m_2018,float64,,,
HDR25_Composite_indices_complete_time_series,hdi_m_2019,float64,,,
HDR25_Composite_indices_complete_time_series,hdi_m_2020,float64,,,
HDR25_Composite_indices_complete_time_series,hdi_m_2021,float64,,,
HDR25_Composite_indices_complete_time_series,hdi_m_2022,float64,,,
HDR25_Composite_indices_complete_time_series,hdi_m_2023,float64,,,
HDR25_Composite_indices_complete_time_series,le_m_1990,float64,,,
HDR25_Composite_indices_complete_time_series,le_m_1991,float64,,,
HDR25_Composite_indices_complete_time_series,le_m_1992,float64,,,
HDR25_Composite_indices_complete_time_series,le_m_1993,float64,,,
HDR25_Composite_indices_complete_time_series,le_m_1994,float64,,,
HDR25_Composite_indices_complete_time_series,le_m_1995,float64,,,
HDR25_Composite_indices_complete_time_series,le_m_1996,float64,,,
HDR25_Composite_indices_complete_time_series,le_m_1997,float64,,,
HDR25_Composite_indices_complete_time_series,le_m_1998,float64,,,
HDR25_Composite_indices_complete_time_series,le_m_1999,float64,,,
HDR25_Composite_indices_complete_time_series,le_m_2000,float64,,,
HDR25_Composite_indices_complete_time_series,le_m_2001,float64,,,
HDR25_Composite_indices_complete_time_series,le_m_2002,float64,,,
HDR25_Composite_indices_complete_time_series,le_m_2003,float64,,,
HDR25_Composite_indices_complete_time_series,le_m_2004,float64,,,
HDR25_Composite_indices_complete_time_series,le_m_2005,float64,,,
HDR25_Composite_indices_complete_time_series,le_m_2006,float64,,,
HDR25_Composite_indices_complete_time_series,le_m_2007,float64,,,
HDR25_Composite_indices_complete_time_series,le_m_2008,float64,,,
HDR25_Composite_indices_complete_time_series,le_m_2009,float64,,,
HDR25_Composite_indices_complete_time_series,le_m_2010,float64,,,
HDR25_Composite_indices_complete_time_series,le_m_2011,float64,,,
HDR25_Composite_indices_complete_time_series,le_m_2012,float64,,,
HDR25_Composite_indices_complete_time_series,le_m_2013,float64,,,
HDR25_Composite_indices_complete_time_series,le_m_2014,float64,,,
HDR25_Composite_indices_complete_time_series,le_m_2015,float64,,,
HDR25_Composite_indices_complete_time_series,le_m_2016,float64,,,
HDR25_Composite_indices_complete_time_series,le_m_2017,float64,,,
HDR25_Composite_indices_complete_time_series,le_m_2018,float64,,,
HDR25_Composite_indices_complete_time_series,le_m_2019,float64,,,
HDR25_Composite_indices_complete_time_series,le_m_2020,float64,,,
HDR25_Composite_indices_complete_time_series,le_m_2021,float64,,,
HDR25_Composite_indices_complete_time_series,le_m_2022,float64,,,
HDR25_Composite_indices_complete_time_series,le_m_2023,float64,,,
HDR25_Composite_indices_complete_time_series,eys_m_1990,float64,,,
HDR25_Composite_indices_complete_time_series,eys_m_1991,float64,,,
HDR25_Composite_indices_complete_time_series,eys_m_1992,float64,,,
HDR25_Composite_indices_complete_time_series,eys_m_1993,float64,,,
HDR25_Composite_indices_complete_time_series,eys_m_1994,float64,,,
HDR25_Composite_indices_complete_time_series,eys_m_1995,float64,,,
HDR25_Composite_indices_complete_time_series,eys_m_1996,float64,,,
HDR25_Composite_indices_complete_time_series,eys_m_1997,float64,,,
HDR25_Composite_indices_complete_time_series,eys_m_1998,float64,,,
HDR25_Composite_indices_complete_time_series,eys_m_1999,float64,,,
HDR25_Composite_indices_complete_time_series,eys_m_2000,float64,,,
HDR25_Composite_indices_complete_time_series,eys_m_2001,float64,,,
HDR25_Composite_indices_complete_time_series,eys_m_2002,float64,,,
HDR25_Composite_indices_complete_time_series,eys_m_2003,float64,,,
HDR25_Composite_indices_complete_time_series,eys_m_2004,float64,,,
HDR25_Composite_indices_complete_time_series,eys_m_2005,float64,,,
HDR25_Composite_indices_complete_time_series,eys_m_2006,float64,,,
HDR25_Composite_indices_complete_time_series,eys_m_2007,float64,,,
HDR25_Composite_indices_complete_time_series,eys_m_2008,float64,,,
HDR25_Composite_indices_complete_time_series,eys_m_2009,float64,,,
HDR25_Composite_indices_complete_time_series,eys_m_2010,float64,,,
HDR25_Composite_indices_complete_time_series,eys_m_2011,float64,,,
HDR25_Composite_indices_complete_time_series,eys_m_2012,float64,,,
HDR25_Composite_indices_complete_time_series,eys_m_2013,float64,,,
HDR25_Composite_indices_complete_time_series,eys_m_2014,float64,,,
HDR25_Composite_indices_complete_time_series,eys_m_2015,float64,,,
HDR25_Composite_indices_complete_time_series,eys_m_2016,float64,,,
HDR25_Composite_indices_complete_time_series,eys_m_2017,float64,,,
HDR25_Composite_indices_complete_time_series,eys_m_2018,float64,,,
HDR25_Composite_indices_complete_time_series,eys_m_2019,float64,,,
HDR25_Composite_indices_complete_time_series,eys_m_2020,float64,,,
HDR25_Composite_indices_complete_time_series,eys_m_2021,float64,,,
HDR25_Composite_indices_complete_time_series,eys_m_2022,float64,,,
HDR25_Composite_indices_complete_time_series,eys_m_2023,float64,,,
HDR25_Composite_indices_complete_time_series,mys_m_1990,float64,,,
HDR25_Composite_indices_complete_time_series,mys_m_1991,float64,,,
HDR25_Composite_indices_complete_time_series,mys_m_1992,float64,,,
HDR25_Composite_indices_complete_time_series,mys_m_1993,float64,,,
HDR25_Composite_indices_complete_time_series,mys_m_1994,float64,,,
HDR25_Composite_indices_complete_time_series,mys_m_1995,float64,,,
HDR25_Composite_indices_complete_time_series,mys_m_1996,float64,,,
HDR25_Composite_indices_complete_time_series,mys_m_1997,float64,,,
HDR25_Composite_indices_complete_time_series,mys_m_1998,float64,,,
HDR25_Composite_indices_complete_time_series,mys_m_1999,float64,,,
HDR25_Composite_indices_complete_time_series,mys_m_2000,float64,,,
HDR25_Composite_indices_complete_time_series,mys_m_2001,float64,,,
HDR25_Composite_indices_complete_time_series,mys_m_2002,float64,,,
HDR25_Composite_indices_complete_time_series,mys_m_2003,float64,,,
HDR25_Composite_indices_complete_time_series,mys_m_2004,float64,,,
HDR25_Composite_indices_complete_time_series,mys_m_2005,float64,,,
HDR25_Composite_indices_complete_time_series,mys_m_2006,float64,,,
HDR25_Composite_indices_complete_time_series,mys_m_2007,float64,,,
HDR25_Composite_indices_complete_time_series,mys_m_2008,float64,,,
HDR25_Composite_indices_complete_time_series,mys_m_2009,float64,,,
HDR25_Composite_indices_complete_time_series,mys_m_2010,float64,,,
HDR25_Composite_indices_complete_time_series,mys_m_2011,float64,,,
HDR25_Composite_indices_complete_time_series,mys_m_2012,float64,,,
HDR25_Composite_indices_complete_time_series,mys_m_2013,float64,,,
HDR25_Composite_indices_complete_time_series,mys_m_2014,float64,,,
HDR25_Composite_indices_complete_time_series,mys_m_2015,float64,,,
HDR25_Composite_indices_complete_time_series,mys_m_2016,float64,,,
HDR25_Composite_indices_complete_time_series,mys_m_2017,float64,,,
HDR25_Composite_indices_complete_time_series,mys_m_2018,float64,,,
HDR25_Composite_indices_complete_time_series,mys_m_2019,float64,,,
HDR25_Composite_indices_complete_time_series,mys_m_2020,float64,,,
HDR25_Composite_indices_complete_time_series,mys_m_2021,float64,,,
HDR25_Composite_indices_complete_time_series,mys_m_2022,float64,,,
HDR25_Composite_indices_complete_time_series,mys_m_2023,float64,,,
HDR25_Composite_indices_complete_time_series,gni_pc_m_1990,float64,,,
HDR25_Composite_indices_complete_time_series,gni_pc_m_1991,float64,,,
HDR25_Composite_indices_complete_time_series,gni_pc_m_1992,float64,,,
HDR25_Composite_indices_complete_time_series,gni_pc_m_1993,float64,,,
HDR25_Composite_indices_complete_time_series,gni_pc_m_1994,float64,,,
HDR25_Composite_indices_complete_time_series,gni_pc_m_1995,float64,,,
HDR25_Composite_indices_complete_time_series,gni_pc_m_1996,float64,,,
HDR25_Composite_indices_complete_time_series,gni_pc_m_1997,float64,,,
HDR25_Composite_indices_complete_time_series,gni_pc_m_1998,float64,,,
HDR25_Composite_indices_complete_time_series,gni_pc_m_1999,float64,,,
HDR25_Composite_indices_complete_time_series,gni_pc_m_2000,float64,,,
HDR25_Composite_indices_complete_time_series,gni_pc_m_2001,float64,,,
HDR25_Composite_indices_complete_time_series,gni_pc_m_2002,float64,,,
HDR25_Composite_indices_complete_time_series,gni_pc_m_2003,float64,,,
HDR25_Composite_indices_complete_time_series,gni_pc_m_2004,float64,,,
HDR25_Composite_indices_complete_time_series,gni_pc_m_2005,float64,,,
HDR25_Composite_indices_complete_time_series,gni_pc_m_2006,float64,,,
HDR25_Composite_indices_complete_time_series,gni_pc_m_2007,float64,,,
HDR25_Composite_indices_complete_time_series,gni_pc_m_2008,float64,,,
HDR25_Composite_indices_complete_time_series,gni_pc_m_2009,float64,,,
HDR25_Composite_indices_complete_time_series,gni_pc_m_2010,float64,,,
HDR25_Composite_indices_complete_time_series,gni_pc_m_2011,float64,,,
HDR25_Composite_indices_complete_time_series,gni_pc_m_2012,float64,,,
HDR25_Composite_indices_complete_time_series,gni_pc_m_2013,float64,,,
HDR25_Composite_indices_complete_time_series,gni_pc_m_2014,float64,,,
HDR25_Composite_indices_complete_time_series,gni_pc_m_2015,float64,,,
HDR25_Composite_indices_complete_time_series,gni_pc_m_2016,float64,,,
HDR25_Composite_indices_complete_time_series,gni_pc_m_2017,float64,,,
HDR25_Composite_indices_complete_time_series,gni_pc_m_2018,float64,,,
HDR25_Composite_indices_complete_time_series,gni_pc_m_2019,float64,,,
HDR25_Composite_indices_complete_time_series,gni_pc_m_2020,float64,,,
HDR25_Composite_indices_complete_time_series,gni_pc_m_2021,float64,,,
HDR25_Composite_indices_complete_time_series,gni_pc_m_2022,float64,,,
HDR25_Composite_indices_complete_time_series,gni_pc_m_2023,float64,,,
HDR25_Composite_indices_complete_time_series,ihdi_2010,float64,,,
HDR25_Composite_indices_complete_time_series,ihdi_2011,float64,,,
HDR25_Composite_indices_complete_time_series,ihdi_2012,float64,,,
HDR25_Composite_indices_complete_time_series,ihdi_2013,float64,,,
HDR25_Composite_indices_complete_time_series,ihdi_2014,float64,,,
HDR25_Composite_indices_complete_time_series,ihdi_2015,float64,,,
HDR25_Composite_indices_complete_time_series,ihdi_2016,float64,,,
HDR25_Composite_indices_complete_time_series,ihdi_2017,float64,,,
HDR25_Composite_indices_complete_time_series,ihdi_2018,float64,,,
HDR25_Composite_indices_complete_time_series,ihdi_2019,float64,,,
HDR25_Composite_indices_complete_time_series,ihdi_2020,float64,,,
HDR25_Composite_indices_complete_time_series,ihdi_2021,float64,,,
HDR25_Composite_indices_complete_time_series,ihdi_2022,float64,,,
HDR25_Composite_indices_complete_time_series,ihdi_2023,float64,,,
HDR25_Composite_indices_complete_time_series,coef_ineq_2010,float64,,,
HDR25_Composite_indices_complete_time_series,coef_ineq_2011,float64,,,
HDR25_Composite_indices_complete_time_series,coef_ineq_2012,float64,,,
HDR25_Composite_indices_complete_time_series,coef_ineq_2013,float64,,,
HDR25_Composite_indices_complete_time_series,coef_ineq_2014,float64,,,
HDR25_Composite_indices_complete_time_series,coef_ineq_2015,float64,,,
HDR25_Composite_indices_complete_time_series,coef_ineq_2016,float64,,,
HDR25_Composite_indices_complete_time_series,coef_ineq_2017,float64,,,
HDR25_Composite_indices_complete_time_series,coef_ineq_2018,float64,,,
HDR25_Composite_indices_complete_time_series,coef_ineq_2019,float64,,,
HDR25_Composite_indices_complete_time_series,coef_ineq_2020,float64,,,
HDR25_Composite_indices_complete_time_series,coef_ineq_2021,float64,,,
HDR25_Composite_indices_complete_time_series,coef_ineq_2022,float64,,,
HDR25_Composite_indices_complete_time_series,coef_ineq_2023,float64,,,
HDR25_Composite_indices_complete_time_series,loss_2010,float64,,,
HDR25_Composite_indices_complete_time_series,loss_2011,float64,,,
HDR25_Composite_indices_complete_time_series,loss_2012,float64,,,
HDR25_Composite_indices_complete_time_series,loss_2013,float64,,,
HDR25_Composite_indices_complete_time_series,loss_2014,float64,,,
HDR25_Composite_indices_complete_time_series,loss_2015,float64,,,
HDR25_Composite_indices_complete_time_series,loss_2016,float64,,,
HDR25_Composite_indices_complete_time_series,loss_2017,float64,,,
HDR25_Composite_indices_complete_time_series,loss_2018,float64,,,
HDR25_Composite_indices_complete_time_series,loss_2019,float64,,,
HDR25_Composite_indices_complete_time_series,loss_2020,float64,,,
HDR25_Composite_indices_complete_time_series,loss_2021,float64,,,
HDR25_Composite_indices_complete_time_series,loss_2022,float64,,,
HDR25_Composite_indices_complete_time_series,loss_2023,float64,,,
HDR25_Composite_indices_complete_time_series,ineq_le_2010,float64,,,
HDR25_Composite_indices_complete_time_series,ineq_le_2011,float64,,,
HDR25_Composite_indices_complete_time_series,ineq_le_2012,float64,,,
HDR25_Composite_indices_complete_time_series,ineq_le_2013,float64,,,
HDR25_Composite_indices_complete_time_series,ineq_le_2014,float64,,,
HDR25_Composite_indices_complete_time_series,ineq_le_2015,float64,,,
HDR25_Composite_indices_complete_time_series,ineq_le_2016,float64,,,
HDR25_Composite_indices_complete_time_series,ineq_le_2017,float64,,,
HDR25_Composite_indices_complete_time_series,ineq_le_2018,float64,,,
HDR25_Composite_indices_complete_time_series,ineq_le_2019,float64,,,
HDR25_Composite_indices_complete_time_series,ineq_le_2020,float64,,,
HDR25_Composite_indices_complete_time_series,ineq_le_2021,float64,,,
HDR25_Composite_indices_complete_time_series,ineq_le_2022,float64,,,
HDR25_Composite_indices_complete_time_series,ineq_le_2023,float64,,,
HDR25_Composite_indices_complete_time_series,ineq_edu_2010,float64,,,
HDR25_Composite_indices_complete_time_series,ineq_edu_2011,float64,,,
HDR25_Composite_indices_complete_time_series,ineq_edu_2012,float64,,,
HDR25_Composite_indices_complete_time_series,ineq_edu_2013,float64,,,
HDR25_Composite_indices_complete_time_series,ineq_edu_2014,float64,,,
HDR25_Composite_indices_complete_time_series,ineq_edu_2015,float64,,,
HDR25_Composite_indices_complete_time_series,ineq_edu_2016,float64,,,
HDR25_Composite_indices_complete_time_series,ineq_edu_2017,float64,,,
HDR25_Composite_indices_complete_time_series,ineq_edu_2018,float64,,,
HDR25_Composite_indices_complete_time_series,ineq_edu_2019,float64,,,
HDR25_Composite_indices_complete_time_series,ineq_edu_2020,float64,,,
HDR25_Composite_indices_complete_time_series,ineq_edu_2021,float64,,,
HDR25_Composite_indices_complete_time_series,ineq_edu_2022,float64,,,
HDR25_Composite_indices_complete_time_series,ineq_edu_2023,float64,,,
HDR25_Composite_indices_complete_time_series,ineq_inc_2010,float64,,,
HDR25_Composite_indices_complete_time_series,ineq_inc_2011,float64,,,
HDR25_Composite_indices_complete_time_series,ineq_inc_2012,float64,,,
HDR25_Composite_indices_complete_time_series,ineq_inc_2013,float64,,,
HDR25_Composite_indices_complete_time_series,ineq_inc_2014,float64,,,
HDR25_Composite_indices_complete_time_series,ineq_inc_2015,float64,,,
HDR25_Composite_indices_complete_time_series,ineq_inc_2016,float64,,,
HDR25_Composite_indices_complete_time_series,ineq_inc_2017,float64,,,
HDR25_Composite_indices_complete_time_series,ineq_inc_2018,float64,,,
HDR25_Composite_indices_complete_time_series,ineq_inc_2019,float64,,,
HDR25_Composite_indices_complete_time_series,ineq_inc_2020,float64,,,
HDR25_Composite_indices_complete_time_series,ineq_inc_2021,float64,,,
HDR25_Composite_indices_complete_time_series,ineq_inc_2022,float64,,,
HDR25_Composite_indices_complete_time_series,ineq_inc_2023,float64,,,
HDR25_Composite_indices_complete_time_series,gii_rank_2023,float64,,,
HDR25_Composite_indices_complete_time_series,gii_1990,float64,,,
HDR25_Composite_indices_complete_time_series,gii_1991,float64,,,
HDR25_Composite_indices_complete_time_series,gii_1992,float64,,,
HDR25_Composite_indices_complete_time_series,gii_1993,float64,,,
HDR25_Composite_indices_complete_time_series,gii_1994,float64,,,
HDR25_Composite_indices_complete_time_series,gii_1995,float64,,,
HDR25_Composite_indices_complete_time_series,gii_1996,float64,,,
HDR25_Composite_indices_complete_time_series,gii_1997,float64,,,
HDR25_Composite_indices_complete_time_series,gii_1998,float64,,,
HDR25_Composite_indices_complete_time_series,gii_1999,float64,,,
HDR25_Composite_indices_complete_time_series,gii_2000,float64,,,
HDR25_Composite_indices_complete_time_series,gii_2001,float64,,,
HDR25_Composite_indices_complete_time_series,gii_2002,float64,,,
HDR25_Composite_indices_complete_time_series,gii_2003,float64,,,
HDR25_Composite_indices_complete_time_series,gii_2004,float64,,,
HDR25_Composite_indices_complete_time_series,gii_2005,float64,,,
HDR25_Composite_indices_complete_time_series,gii_2006,float64,,,
HDR25_Composite_indices_complete_time_series,gii_2007,float64,,,
HDR25_Composite_indices_complete_time_series,gii_2008,float64,,,
HDR25_Composite_indices_complete_time_series,gii_2009,float64,,,
HDR25_Composite_indices_complete_time_series,gii_2010,float64,,,
HDR25_Composite_indices_complete_time_series,gii_2011,float64,,,
HDR25_Composite_indices_complete_time_series,gii_2012,float64,,,
HDR25_Composite_indices_complete_time_series,gii_2013,float64,,,
HDR25_Composite_indices_complete_time_series,gii_2014,float64,,,
HDR25_Composite_indices_complete_time_series,gii_2015,float64,,,
HDR25_Composite_indices_complete_time_series,gii_2016,float64,,,
HDR25_Composite_indices_complete_time_series,gii_2017,float64,,,
HDR25_Composite_indices_complete_time_series,gii_2018,float64,,,
HDR25_Composite_indices_complete_time_series,gii_2019,float64,,,
HDR25_Composite_indices_complete_time_series,gii_2020,float64,,,
HDR25_Composite_indices_complete_time_series,gii_2021,float64,,,
HDR25_Composite_indices_complete_time_series,gii_2022,float64,,,
HDR25_Composite_indices_complete_time_series,gii_2023,float64,,,
HDR25_Composite_indices_complete_time_series,mmr_1990,float64,,,
HDR25_Composite_indices_complete_time_series,mmr_1991,float64,,,
HDR25_Composite_indices_complete_time_series,mmr_1992,float64,,,
HDR25_Composite_indices_complete_time_series,mmr_1993,float64,,,
HDR25_Composite_indices_complete_time_series,mmr_1994,float64,,,
HDR25_Composite_indices_complete_time_series,mmr_1995,float64,,,
HDR25_Composite_indices_complete_time_series,mmr_1996,float64,,,
HDR25_Composite_indices_complete_time_series,mmr_1997,float64,,,
HDR25_Composite_indices_complete_time_series,mmr_1998,float64,,,
HDR25_Composite_indices_complete_time_series,mmr_1999,float64,,,
HDR25_Composite_indices_complete_time_series,mmr_2000,float64,,,
HDR25_Composite_indices_complete_time_series,mmr_2001,float64,,,
HDR25_Composite_indices_complete_time_series,mmr_2002,float64,,,
HDR25_Composite_indices_complete_time_series,mmr_2003,float64,,,
HDR25_Composite_indices_complete_time_series,mmr_2004,float64,,,
HDR25_Composite_indices_complete_time_series,mmr_2005,float64,,,
HDR25_Composite_indices_complete_time_series,mmr_2006,float64,,,
HDR25_Composite_indices_complete_time_series,mmr_2007,float64,,,
HDR25_Composite_indices_complete_time_series,mmr_2008,float64,,,
HDR25_Composite_indices_complete_time_series,mmr_2009,float64,,,
HDR25_Composite_indices_complete_time_series,mmr_2010,float64,,,
HDR25_Composite_indices_complete_time_series,mmr_2011,float64,,,
HDR25_Composite_indices_complete_time_series,mmr_2012,float64,,,
HDR25_Composite_indices_complete_time_series,mmr_2013,float64,,,
HDR25_Composite_indices_complete_time_series,mmr_2014,float64,,,
HDR25_Composite_indices_complete_time_series,mmr_2015,float64,,,
HDR25_Composite_indices_complete_time_series,mmr_2016,float64,,,
HDR25_Composite_indices_complete_time_series,mmr_2017,float64,,,
HDR25_Composite_indices_complete_time_series,mmr_2018,float64,,,
HDR25_Composite_indices_complete_time_series,mmr_2019,float64,,,
HDR25_Composite_indices_complete_time_series,mmr_2020,float64,,,
HDR25_Composite_indices_complete_time_series,mmr_2021,float64,,,
HDR25_Composite_indices_complete_time_series,mmr_2022,float64,,,
HDR25_Composite_indices_complete_time_series,mmr_2023,float64,,,
HDR25_Composite_indices_complete_time_series,abr_1990,float64,,,
HDR25_Composite_indices_complete_time_series,abr_1991,float64,,,
HDR25_Composite_indices_complete_time_series,abr_1992,float64,,,
HDR25_Composite_indices_complete_time_series,abr_1993,float64,,,
HDR25_Composite_indices_complete_time_series,abr_1994,float64,,,
HDR25_Composite_indices_complete_time_series,abr_1995,float64,,,
HDR25_Composite_indices_complete_time_series,abr_1996,float64,,,
HDR25_Composite_indices_complete_time_series,abr_1997,float64,,,
HDR25_Composite_indices_complete_time_series,abr_1998,float64,,,
HDR25_Composite_indices_complete_time_series,abr_1999,float64,,,
HDR25_Composite_indices_complete_time_series,abr_2000,float64,,,
HDR25_Composite_indices_complete_time_series,abr_2001,float64,,,
HDR25_Composite_indices_complete_time_series,abr_2002,float64,,,
HDR25_Composite_indices_complete_time_series,abr_2003,float64,,,
HDR25_Composite_indices_complete_time_series,abr_2004,float64,,,
HDR25_Composite_indices_complete_time_series,abr_2005,float64,,,
HDR25_Composite_indices_complete_time_series,abr_2006,float64,,,
HDR25_Composite_indices_complete_time_series,abr_2007,float64,,,
HDR25_Composite_indices_complete_time_series,abr_2008,float64,,,
HDR25_Composite_indices_complete_time_series,abr_2009,float64,,,
HDR25_Composite_indices_complete_time_series,abr_2010,float64,,,
HDR25_Composite_indices_complete_time_series,abr_2011,float64,,,
HDR25_Composite_indices_complete_time_series,abr_2012,float64,,,
HDR25_Composite_indices_complete_time_series,abr_2013,float64,,,
HDR25_Composite_indices_complete_time_series,abr_2014,float64,,,
HDR25_Composite_indices_complete_time_series,abr_2015,float64,,,
HDR25_Composite_indices_complete_time_series,abr_2016,float64,,,
HDR25_Composite_indices_complete_time_series,abr_2017,float64,,,
HDR25_Composite_indices_complete_time_series,abr_2018,float64,,,
HDR25_Composite_indices_complete_time_series,abr_2019,float64,,,
HDR25_Composite_indices_complete_time_series,abr_2020,float64,,,
HDR25_Composite_indices_complete_time_series,abr_2021,float64,,,
HDR25_Composite_indices_complete_time_series,abr_2022,float64,,,
HDR25_Composite_indices_complete_time_series,abr_2023,float64,,,
HDR25_Composite_indices_complete_time_series,se_f_1990,float64,,,
HDR25_Composite_indices_complete_time_series,se_f_1991,float64,,,
HDR25_Composite_indices_complete_time_series,se_f_1992,float64,,,
HDR25_Composite_indices_complete_time_series,se_f_1993,float64,,,
HDR25_Composite_indices_complete_time_series,se_f_1994,float64,,,
HDR25_Composite_indices_complete_time_series,se_f_1995,float64,,,
HDR25_Composite_indices_complete_time_series,se_f_1996,float64,,,
HDR25_Composite_indices_complete_time_series,se_f_1997,float64,,,
HDR25_Composite_indices_complete_time_series,se_f_1998,float64,,,
HDR25_Composite_indices_complete_time_series,se_f_1999,float64,,,
HDR25_Composite_indices_complete_time_series,se_f_2000,float64,,,
HDR25_Composite_indices_complete_time_series,se_f_2001,float64,,,
HDR25_Composite_indices_complete_time_series,se_f_2002,float64,,,
HDR25_Composite_indices_complete_time_series,se_f_2003,float64,,,
HDR25_Composite_indices_complete_time_series,se_f_2004,float64,,,
HDR25_Composite_indices_complete_time_series,se_f_2005,float64,,,
HDR25_Composite_indices_complete_time_series,se_f_2006,float64,,,
HDR25_Composite_indices_complete_time_series,se_f_2007,float64,,,
HDR25_Composite_indices_complete_time_series,se_f_2008,float64,,,
HDR25_Composite_indices_complete_time_series,se_f_2009,float64,,,
HDR25_Composite_indices_complete_time_series,se_f_2010,float64,,,
HDR25_Composite_indices_complete_time_series,se_f_2011,float64,,,
HDR25_Composite_indices_complete_time_series,se_f_2012,float64,,,
HDR25_Composite_indices_complete_time_series,se_f_2013,float64,,,
HDR25_Composite_indices_complete_time_series,se_f_2014,float64,,,
HDR25_Composite_indices_complete_time_series,se_f_2015,float64,,,
HDR25_Composite_indices_complete_time_series,se_f_2016,float64,,,
HDR25_Composite_indices_complete_time_series,se_f_2017,float64,,,
HDR25_Composite_indices_complete_time_series,se_f_2018,float64,,,
HDR25_Composite_indices_complete_time_series,se_f_2019,float64,,,
HDR25_Composite_indices_complete_time_series,se_f_2020,float64,,,
HDR25_Composite_indices_complete_time_series,se_f_2021,float64,,,
HDR25_Composite_indices_complete_time_series,se_f_2022,float64,,,
HDR25_Composite_indices_complete_time_series,se_f_2023,float64,,,
HDR25_Composite_indices_complete_time_series,se_m_1990,float64,,,
HDR25_Composite_indices_complete_time_series,se_m_1991,float64,,,
HDR25_Composite_indices_complete_time_series,se_m_1992,float64,,,
HDR25_Composite_indices_complete_time_series,se_m_1993,float64,,,
HDR25_Composite_indices_complete_time_series,se_m_1994,float64,,,
HDR25_Composite_indices_complete_time_series,se_m_1995,float64,,,
HDR25_Composite_indices_complete_time_series,se_m_1996,float64,,,
HDR25_Composite_indices_complete_time_series,se_m_1997,float64,,,
HDR25_Composite_indices_complete_time_series,se_m_1998,float64,,,
HDR25_Composite_indices_complete_time_series,se_m_1999,float64,,,
HDR25_Composite_indices_complete_time_series,se_m_2000,float64,,,
HDR25_Composite_indices_complete_time_series,se_m_2001,float64,,,
HDR25_Composite_indices_complete_time_series,se_m_2002,float64,,,
HDR25_Composite_indices_complete_time_series,se_m_2003,float64,,,
HDR25_Composite_indices_complete_time_series,se_m_2004,float64,,,
HDR25_Composite_indices_complete_time_series,se_m_2005,float64,,,
HDR25_Composite_indices_complete_time_series,se_m_2006,float64,,,
HDR25_Composite_indices_complete_time_series,se_m_2007,float64,,,
HDR25_Composite_indices_complete_time_series,se_m_2008,float64,,,
HDR25_Composite_indices_complete_time_series,se_m_2009,float64,,,
HDR25_Composite_indices_complete_time_series,se_m_2010,float64,,,
HDR25_Composite_indices_complete_time_series,se_m_2011,float64,,,
HDR25_Composite_indices_complete_time_series,se_m_2012,float64,,,
HDR25_Composite_indices_complete_time_series,se_m_2013,float64,,,
HDR25_Composite_indices_complete_time_series,se_m_2014,float64,,,
HDR25_Composite_indices_complete_time_series,se_m_2015,float64,,,
HDR25_Composite_indices_complete_time_series,se_m_2016,float64,,,
HDR25_Composite_indices_complete_time_series,se_m_2017,float64,,,
HDR25_Composite_indices_complete_time_series,se_m_2018,float64,,,
HDR25_Composite_indices_complete_time_series,se_m_2019,float64,,,
HDR25_Composite_indices_complete_time_series,se_m_2020,float64,,,
HDR25_Composite_indices_complete_time_series,se_m_2021,float64,,,
HDR25_Composite_indices_complete_time_series,se_m_2022,float64,,,
HDR25_Composite_indices_complete_time_series,se_m_2023,float64,,,
HDR25_Composite_indices_complete_time_series,pr_f_1990,float64,,,
HDR25_Composite_indices_complete_time_series,pr_f_1991,float64,,,
HDR25_Composite_indices_complete_time_series,pr_f_1992,float64,,,
HDR25_Composite_indices_complete_time_series,pr_f_1993,float64,,,
HDR25_Composite_indices_complete_time_series,pr_f_1994,float64,,,
HDR25_Composite_indices_complete_time_series,pr_f_1995,float64,,,
HDR25_Composite_indices_complete_time_series,pr_f_1996,float64,,,
HDR25_Composite_indices_complete_time_series,pr_f_1997,float64,,,
HDR25_Composite_indices_complete_time_series,pr_f_1998,float64,,,
HDR25_Composite_indices_complete_time_series,pr_f_1999,float64,,,
HDR25_Composite_indices_complete_time_series,pr_f_2000,float64,,,
HDR25_Composite_indices_complete_time_series,pr_f_2001,float64,,,
HDR25_Composite_indices_complete_time_series,pr_f_2002,float64,,,
HDR25_Composite_indices_complete_time_series,pr_f_2003,float64,,,
HDR25_Composite_indices_complete_time_series,pr_f_2004,float64,,,
HDR25_Composite_indices_complete_time_series,pr_f_2005,float64,,,
HDR25_Composite_indices_complete_time_series,pr_f_2006,float64,,,
HDR25_Composite_indices_complete_time_series,pr_f_2007,float64,,,
HDR25_Composite_indices_complete_time_series,pr_f_2008,float64,,,
HDR25_Composite_indices_complete_time_series,pr_f_2009,float64,,,
HDR25_Composite_indices_complete_time_series,pr_f_2010,float64,,,
HDR25_Composite_indices_complete_time_series,pr_f_2011,float64,,,
HDR25_Composite_indices_complete_time_series,pr_f_2012,float64,,,
HDR25_Composite_indices_complete_time_series,pr_f_2013,float64,,,
HDR25_Composite_indices_complete_time_series,pr_f_2014,float64,,,
HDR25_Composite_indices_complete_time_series,pr_f_2015,float64,,,
HDR25_Composite_indices_complete_time_series,pr_f_2016,float64,,,
HDR25_Composite_indices_complete_time_series,pr_f_2017,float64,,,
HDR25_Composite_indices_complete_time_series,pr_f_2018,float64,,,
HDR25_Composite_indices_complete_time_series,pr_f_2019,float64,,,
HDR25_Composite_indices_complete_time_series,pr_f_2020,float64,,,
HDR25_Composite_indices_complete_time_series,pr_f_2021,float64,,,
HDR25_Composite_indices_complete_time_series,pr_f_2022,float64,,,
HDR25_Composite_indices_complete_time_series,pr_f_2023,float64,,,
HDR25_Composite_indices_complete_time_series,pr_m_1990,float64,,,
HDR25_Composite_indices_complete_time_series,pr_m_1991,float64,,,
HDR25_Composite_indices_complete_time_series,pr_m_1992,float64,,,
HDR25_Composite_indices_complete_time_series,pr_m_1993,float64,,,
HDR25_Composite_indices_complete_time_series,pr_m_1994,float64,,,
HDR25_Composite_indices_complete_time_series,pr_m_1995,float64,,,
HDR25_Composite_indices_complete_time_series,pr_m_1996,float64,,,
HDR25_Composite_indices_complete_time_series,pr_m_1997,float64,,,
HDR25_Composite_indices_complete_time_series,pr_m_1998,float64,,,
HDR25_Composite_indices_complete_time_series,pr_m_1999,float64,,,
HDR25_Composite_indices_complete_time_series,pr_m_2000,float64,,,
HDR25_Composite_indices_complete_time_series,pr_m_2001,float64,,,
HDR25_Composite_indices_complete_time_series,pr_m_2002,float64,,,
HDR25_Composite_indices_complete_time_series,pr_m_2003,float64,,,
HDR25_Composite_indices_complete_time_series,pr_m_2004,float64,,,
HDR25_Composite_indices_complete_time_series,pr_m_2005,float64,,,
HDR25_Composite_indices_complete_time_series,pr_m_2006,float64,,,
HDR25_Composite_indices_complete_time_series,pr_m_2007,float64,,,
HDR25_Composite_indices_complete_time_series,pr_m_2008,float64,,,
HDR25_Composite_indices_complete_time_series,pr_m_2009,float64,,,
HDR25_Composite_indices_complete_time_series,pr_m_2010,float64,,,
HDR25_Composite_indices_complete_time_series,pr_m_2011,float64,,,
HDR25_Composite_indices_complete_time_series,pr_m_2012,float64,,,
HDR25_Composite_indices_complete_time_series,pr_m_2013,float64,,,
HDR25_Composite_indices_complete_time_series,pr_m_2014,float64,,,
HDR25_Composite_indices_complete_time_series,pr_m_2015,float64,,,
HDR25_Composite_indices_complete_time_series,pr_m_2016,float64,,,
HDR25_Composite_indices_complete_time_series,pr_m_2017,float64,,,
HDR25_Composite_indices_complete_time_series,pr_m_2018,float64,,,
HDR25_Composite_indices_complete_time_series,pr_m_2019,float64,,,
HDR25_Composite_indices_complete_time_series,pr_m_2020,float64,,,
HDR25_Composite_indices_complete_time_series,pr_m_2021,float64,,,
HDR25_Composite_indices_complete_time_series,pr_m_2022,float64,,,
HDR25_Composite_indices_complete_time_series,pr_m_2023,float64,,,
HDR25_Composite_indices_complete_time_series,lfpr_f_1990,float64,,,
HDR25_Composite_indices_complete_time_series,lfpr_f_1991,float64,,,
HDR25_Composite_indices_complete_time_series,lfpr_f_1992,float64,,,
HDR25_Composite_indices_complete_time_series,lfpr_f_1993,float64,,,
HDR25_Composite_indices_complete_time_series,lfpr_f_1994,float64,,,
HDR25_Composite_indices_complete_time_series,lfpr_f_1995,float64,,,
HDR25_Composite_indices_complete_time_series,lfpr_f_1996,float64,,,
HDR25_Composite_indices_complete_time_series,lfpr_f_1997,float64,,,
HDR25_Composite_indices_complete_time_series,lfpr_f_1998,float64,,,
HDR25_Composite_indices_complete_time_series,lfpr_f_1999,float64,,,
HDR25_Composite_indices_complete_time_series,lfpr_f_2000,float64,,,
HDR25_Composite_indices_complete_time_series,lfpr_f_2001,float64,,,
HDR25_Composite_indices_complete_time_series,lfpr_f_2002,float64,,,
HDR25_Composite_indices_complete_time_series,lfpr_f_2003,float64,,,
HDR25_Composite_indices_complete_time_series,lfpr_f_2004,float64,,,
HDR25_Composite_indices_complete_time_series,lfpr_f_2005,float64,,,
HDR25_Composite_indices_complete_time_series,lfpr_f_2006,float64,,,
HDR25_Composite_indices_complete_time_series,lfpr_f_2007,float64,,,
HDR25_Composite_indices_complete_time_series,lfpr_f_2008,float64,,,
HDR25_Composite_indices_complete_time_series,lfpr_f_2009,float64,,,
HDR25_Composite_indices_complete_time_series,lfpr_f_2010,float64,,,
HDR25_Composite_indices_complete_time_series,lfpr_f_2011,float64,,,
HDR25_Composite_indices_complete_time_series,lfpr_f_2012,float64,,,
HDR25_Composite_indices_complete_time_series,lfpr_f_2013,float64,,,
HDR25_Composite_indices_complete_time_series,lfpr_f_2014,float64,,,
HDR25_Composite_indices_complete_time_series,lfpr_f_2015,float64,,,
HDR25_Composite_indices_complete_time_series,lfpr_f_2016,float64,,,
HDR25_Composite_indices_complete_time_series,lfpr_f_2017,float64,,,
HDR25_Composite_indices_complete_time_series,lfpr_f_2018,float64,,,
HDR25_Composite_indices_complete_time_series,lfpr_f_2019,float64,,,
HDR25_Composite_indices_complete_time_series,lfpr_f_2020,float64,,,
HDR25_Composite_indices_complete_time_series,lfpr_f_2021,float64,,,
HDR25_Composite_indices_complete_time_series,lfpr_f_2022,float64,,,
HDR25_Composite_indices_complete_time_series,lfpr_f_2023,float64,,,
HDR25_Composite_indices_complete_time_series,lfpr_m_1990,float64,,,
HDR25_Composite_indices_complete_time_series,lfpr_m_1991,float64,,,
HDR25_Composite_indices_complete_time_series,lfpr_m_1992,float64,,,
HDR25_Composite_indices_complete_time_series,lfpr_m_1993,float64,,,
HDR25_Composite_indices_complete_time_series,lfpr_m_1994,float64,,,
HDR25_Composite_indices_complete_time_series,lfpr_m_1995,float64,,,
HDR25_Composite_indices_complete_time_series,lfpr_m_1996,float64,,,
HDR25_Composite_indices_complete_time_series,lfpr_m_1997,float64,,,
HDR25_Composite_indices_complete_time_series,lfpr_m_1998,float64,,,
HDR25_Composite_indices_complete_time_series,lfpr_m_1999,float64,,,
HDR25_Composite_indices_complete_time_series,lfpr_m_2000,float64,,,
HDR25_Composite_indices_complete_time_series,lfpr_m_2001,float64,,,
HDR25_Composite_indices_complete_time_series,lfpr_m_2002,float64,,,
HDR25_Composite_indices_complete_time_series,lfpr_m_2003,float64,,,
HDR25_Composite_indices_complete_time_series,lfpr_m_2004,float64,,,
HDR25_Composite_indices_complete_time_series,lfpr_m_2005,float64,,,
HDR25_Composite_indices_complete_time_series,lfpr_m_2006,float64,,,
HDR25_Composite_indices_complete_time_series,lfpr_m_2007,float64,,,
HDR25_Composite_indices_complete_time_series,lfpr_m_2008,float64,,,
HDR25_Composite_indices_complete_time_series,lfpr_m_2009,float64,,,
HDR25_Composite_indices_complete_time_series,lfpr_m_2010,float64,,,
HDR25_Composite_indices_complete_time_series,lfpr_m_2011,float64,,,
HDR25_Composite_indices_complete_time_series,lfpr_m_2012,float64,,,
HDR25_Composite_indices_complete_time_series,lfpr_m_2013,float64,,,
HDR25_Composite_indices_complete_time_series,lfpr_m_2014,float64,,,
HDR25_Composite_indices_complete_time_series,lfpr_m_2015,float64,,,
HDR25_Composite_indices_complete_time_series,lfpr_m_2016,float64,,,
HDR25_Composite_indices_complete_time_series,lfpr_m_2017,float64,,,
HDR25_Composite_indices_complete_time_series,lfpr_m_2018,float64,,,
HDR25_Composite_indices_complete_time_series,lfpr_m_2019,float64,,,
HDR25_Composite_indices_complete_time_series,lfpr_m_2020,float64,,,
HDR25_Composite_indices_complete_time_series,lfpr_m_2021,float64,,,
HDR25_Composite_indices_complete_time_series,lfpr_m_2022,float64,,,
HDR25_Composite_indices_complete_time_series,lfpr_m_2023,float64,,,
HDR25_Composite_indices_complete_time_series,rankdiff_hdi_phdi_2023,float64,,,
HDR25_Composite_indices_complete_time_series,phdi_1990,float64,,,
HDR25_Composite_indices_complete_time_series,phdi_1991,float64,,,
HDR25_Composite_indices_complete_time_series,phdi_1992,float64,,,
HDR25_Composite_indices_complete_time_series,phdi_1993,float64,,,
HDR25_Composite_indices_complete_time_series,phdi_1994,float64,,,
HDR25_Composite_indices_complete_time_series,phdi_1995,float64,,,
HDR25_Composite_indices_complete_time_series,phdi_1996,float64,,,
HDR25_Composite_indices_complete_time_series,phdi_1997,float64,,,
HDR25_Composite_indices_complete_time_series,phdi_1998,float64,,,
HDR25_Composite_indices_complete_time_series,phdi_1999,float64,,,
HDR25_Composite_indices_complete_time_series,phdi_2000,float64,,,
HDR25_Composite_indices_complete_time_series,phdi_2001,float64,,,
HDR25_Composite_indices_complete_time_series,phdi_2002,float64,,,
HDR25_Composite_indices_complete_time_series,phdi_2003,float64,,,
HDR25_Composite_indices_complete_time_series,phdi_2004,float64,,,
HDR25_Composite_indices_complete_time_series,phdi_2005,float64,,,
HDR25_Composite_indices_complete_time_series,phdi_2006,float64,,,
HDR25_Composite_indices_complete_time_series,phdi_2007,float64,,,
HDR25_Composite_indices_complete_time_series,phdi_2008,float64,,,
HDR25_Composite_indices_complete_time_series,phdi_2009,float64,,,
HDR25_Composite_indices_complete_time_series,phdi_2010,float64,,,
HDR25_Composite_indices_complete_time_series,phdi_2011,float64,,,
HDR25_Composite_indices_complete_time_series,phdi_2012,float64,,,
HDR25_Composite_indices_complete_time_series,phdi_2013,float64,,,
HDR25_Composite_indices_complete_time_series,phdi_2014,float64,,,
HDR25_Composite_indices_complete_time_series,phdi_2015,float64,,,
HDR25_Composite_indices_complete_time_series,phdi_2016,float64,,,
HDR25_Composite_indices_complete_time_series,phdi_2017,float64,,,
HDR25_Composite_indices_complete_time_series,phdi_2018,float64,,,
HDR25_Composite_indices_complete_time_series,phdi_2019,float64,,,
HDR25_Composite_indices_complete_time_series,phdi_2020,float64,,,
HDR25_Composite_indices_complete_time_series,phdi_2021,float64,,,
HDR25_Composite_indices_complete_time_series,phdi_2022,float64,,,
HDR25_Composite_indices_complete_time_series,phdi_2023,float64,,,
HDR25_Composite_indices_complete_time_series,diff_hdi_phdi_1990,float64,,,
HDR25_Composite_indices_complete_time_series,diff_hdi_phdi_1991,float64,,,
HDR25_Composite_indices_complete_time_series,diff_hdi_phdi_1992,float64,,,
HDR25_Composite_indices_complete_time_series,diff_hdi_phdi_1993,float64,,,
HDR25_Composite_indices_complete_time_series,diff_hdi_phdi_1994,float64,,,
HDR25_Composite_indices_complete_time_series,diff_hdi_phdi_1995,float64,,,
HDR25_Composite_indices_complete_time_series,diff_hdi_phdi_1996,float64,,,
HDR25_Composite_indices_complete_time_series,diff_hdi_phdi_1997,float64,,,
HDR25_Composite_indices_complete_time_series,diff_hdi_phdi_1998,float64,,,
HDR25_Composite_indices_complete_time_series,diff_hdi_phdi_1999,float64,,,
HDR25_Composite_indices_complete_time_series,diff_hdi_phdi_2000,float64,,,
HDR25_Composite_indices_complete_time_series,diff_hdi_phdi_2001,float64,,,
HDR25_Composite_indices_complete_time_series,diff_hdi_phdi_2002,float64,,,
HDR25_Composite_indices_complete_time_series,diff_hdi_phdi_2003,float64,,,
HDR25_Composite_indices_complete_time_series,diff_hdi_phdi_2004,float64,,,
HDR25_Composite_indices_complete_time_series,diff_hdi_phdi_2005,float64,,,
HDR25_Composite_indices_complete_time_series,diff_hdi_phdi_2006,float64,,,
HDR25_Composite_indices_complete_time_series,diff_hdi_phdi_2007,float64,,,
HDR25_Composite_indices_complete_time_series,diff_hdi_phdi_2008,float64,,,
HDR25_Composite_indices_complete_time_series,diff_hdi_phdi_2009,float64,,,
HDR25_Composite_indices_complete_time_series,diff_hdi_phdi_2010,float64,,,
HDR25_Composite_indices_complete_time_series,diff_hdi_phdi_2011,float64,,,
HDR25_Composite_indices_complete_time_series,diff_hdi_phdi_2012,float64,,,
HDR25_Composite_indices_complete_time_series,diff_hdi_phdi_2013,float64,,,
HDR25_Composite_indices_complete_time_series,diff_hdi_phdi_2014,float64,,,
HDR25_Composite_indices_complete_time_series,diff_hdi_phdi_2015,float64,,,
HDR25_Composite_indices_complete_time_series,diff_hdi_phdi_2016,float64,,,
HDR25_Composite_indices_complete_time_series,diff_hdi_phdi_2017,float64,,,
HDR25_Composite_indices_complete_time_series,diff_hdi_phdi_2018,float64,,,
HDR25_Composite_indices_complete_time_series,diff_hdi_phdi_2019,float64,,,
HDR25_Composite_indices_complete_time_series,diff_hdi_phdi_2020,float64,,,
HDR25_Composite_indices_complete_time_series,diff_hdi_phdi_2021,float64,,,
HDR25_Composite_indices_complete_time_series,diff_hdi_phdi_2022,float64,,,
HDR25_Composite_indices_complete_time_series,diff_hdi_phdi_2023,float64,,,
HDR25_Composite_indices_complete_time_series,co2_prod_1990,float64,,,
HDR25_Composite_indices_complete_time_series,co2_prod_1991,float64,,,
HDR25_Composite_indices_complete_time_series,co2_prod_1992,float64,,,
HDR25_Composite_indices_complete_time_series,co2_prod_1993,float64,,,
HDR25_Composite_indices_complete_time_series,co2_prod_1994,float64,,,
HDR25_Composite_indices_complete_time_series,co2_prod_1995,float64,,,
HDR25_Composite_indices_complete_time_series,co2_prod_1996,float64,,,
HDR25_Composite_indices_complete_time_series,co2_prod_1997,float64,,,
HDR25_Composite_indices_complete_time_series,co2_prod_1998,float64,,,
HDR25_Composite_indices_complete_time_series,co2_prod_1999,float64,,,
HDR25_Composite_indices_complete_time_series,co2_prod_2000,float64,,,
HDR25_Composite_indices_complete_time_series,co2_prod_2001,float64,,,
HDR25_Composite_indices_complete_time_series,co2_prod_2002,float64,,,
HDR25_Composite_indices_complete_time_series,co2_prod_2003,float64,,,
HDR25_Composite_indices_complete_time_series,co2_prod_2004,float64,,,
HDR25_Composite_indices_complete_time_series,co2_prod_2005,float64,,,
HDR25_Composite_indices_complete_time_series,co2_prod_2006,float64,,,
HDR25_Composite_indices_complete_time_series,co2_prod_2007,float64,,,
HDR25_Composite_indices_complete_time_series,co2_prod_2008,float64,,,
HDR25_Composite_indices_complete_time_series,co2_prod_2009,float64,,,
HDR25_Composite_indices_complete_time_series,co2_prod_2010,float64,,,
HDR25_Composite_indices_complete_time_series,co2_prod_2011,float64,,,
HDR25_Composite_indices_complete_time_series,co2_prod_2012,float64,,,
HDR25_Composite_indices_complete_time_series,co2_prod_2013,float64,,,
HDR25_Composite_indices_complete_time_series,co2_prod_2014,float64,,,
HDR25_Composite_indices_complete_time_series,co2_prod_2015,float64,,,
HDR25_Composite_indices_complete_time_series,co2_prod_2016,float64,,,
HDR25_Composite_indices_complete_time_series,co2_prod_2017,float64,,,
HDR25_Composite_indices_complete_time_series,co2_prod_2018,float64,,,
HDR25_Composite_indices_complete_time_series,co2_prod_2019,float64,,,
HDR25_Composite_indices_complete_time_series,co2_prod_2020,float64,,,
HDR25_Composite_indices_complete_time_series,co2_prod_2021,float64,,,
HDR25_Composite_indices_complete_time_series,co2_prod_2022,float64,,,
HDR25_Composite_indices_complete_time_series,co2_prod_2023,float64,,,
HDR25_Composite_indices_complete_time_series,mf_1990,float64,,,
HDR25_Composite_indices_complete_time_series,mf_1991,float64,,,
HDR25_Composite_indices_complete_time_series,mf_1992,float64,,,
HDR25_Composite_indices_complete_time_series,mf_1993,float64,,,
HDR25_Composite_indices_complete_time_series,mf_1994,float64,,,
HDR25_Composite_indices_complete_time_series,mf_1995,float64,,,
HDR25_Composite_indices_complete_time_series,mf_1996,float64,,,
HDR25_Composite_indices_complete_time_series,mf_1997,float64,,,
HDR25_Composite_indices_complete_time_series,mf_1998,float64,,,
HDR25_Composite_indices_complete_time_series,mf_1999,float64,,,
HDR25_Composite_indices_complete_time_series,mf_2000,float64,,,
HDR25_Composite_indices_complete_time_series,mf_2001,float64,,,
HDR25_Composite_indices_complete_time_series,mf_2002,float64,,,
HDR25_Composite_indices_complete_time_series,mf_2003,float64,,,
HDR25_Composite_indices_complete_time_series,mf_2004,float64,,,
HDR25_Composite_indices_complete_time_series,mf_2005,float64,,,
HDR25_Composite_indices_complete_time_series,mf_2006,float64,,,
HDR25_Composite_indices_complete_time_series,mf_2007,float64,,,
HDR25_Composite_indices_complete_time_series,mf_2008,float64,,,
HDR25_Composite_indices_complete_time_series,mf_2009,float64,,,
HDR25_Composite_indices_complete_time_series,mf_2010,float64,,,
HDR25_Composite_indices_complete_time_series,mf_2011,float64,,,
HDR25_Composite_indices_complete_time_series,mf_2012,float64,,,
HDR25_Composite_indices_complete_time_series,mf_2013,float64,,,
HDR25_Composite_indices_complete_time_series,mf_2014,float64,,,
HDR25_Composite_indices_complete_time_series,mf_2015,float64,,,
HDR25_Composite_indices_complete_time_series,mf_2016,float64,,,
HDR25_Composite_indices_complete_time_series,mf_2017,float64,,,
HDR25_Composite_indices_complete_time_series,mf_2018,float64,,,
HDR25_Composite_indices_complete_time_series,mf_2019,float64,,,
HDR25_Composite_indices_complete_time_series,mf_2020,float64,,,
HDR25_Composite_indices_complete_time_series,mf_2021,float64,,,
HDR25_Composite_indices_complete_time_series,mf_2022,float64,,,
HDR25_Composite_indices_complete_time_series,mf_2023,float64,,,
HDR25_Composite_indices_complete_time_series,pop_total_1990,float64,,,
HDR25_Composite_indices_complete_time_series,pop_total_1991,float64,,,
HDR25_Composite_indices_complete_time_series,pop_total_1992,float64,,,
HDR25_Composite_indices_complete_time_series,pop_total_1993,float64,,,
HDR25_Composite_indices_complete_time_series,pop_total_1994,float64,,,
HDR25_Composite_indices_complete_time_series,pop_total_1995,float64,,,
HDR25_Composite_indices_complete_time_series,pop_total_1996,float64,,,
HDR25_Composite_indices_complete_time_series,pop_total_1997,float64,,,
HDR25_Composite_indices_complete_time_series,pop_total_1998,float64,,,
HDR25_Composite_indices_complete_time_series,pop_total_1999,float64,,,
HDR25_Composite_indices_complete_time_series,pop_total_2000,float64,,,
HDR25_Composite_indices_complete_time_series,pop_total_2001,float64,,,
HDR25_Composite_indices_complete_time_series,pop_total_2002,float64,,,
HDR25_Composite_indices_complete_time_series,pop_total_2003,float64,,,
HDR25_Composite_indices_complete_time_series,pop_total_2004,float64,,,
HDR25_Composite_indices_complete_time_series,pop_total_2005,float64,,,
HDR25_Composite_indices_complete_time_series,pop_total_2006,float64,,,
HDR25_Composite_indices_complete_time_series,pop_total_2007,float64,,,
HDR25_Composite_indices_complete_time_series,pop_total_2008,float64,,,
HDR25_Composite_indices_complete_time_series,pop_total_2009,float64,,,
HDR25_Composite_indices_complete_time_series,pop_total_2010,float64,,,
HDR25_Composite_indices_complete_time_series,pop_total_2011,float64,,,
HDR25_Composite_indices_complete_time_series,pop_total_2012,float64,,,
HDR25_Composite_indices_complete_time_series,pop_total_2013,float64,,,
HDR25_Composite_indices_complete_time_series,pop_total_2014,float64,,,
HDR25_Composite_indices_complete_time_series,pop_total_2015,float64,,,
HDR25_Composite_indices_complete_time_series,pop_total_2016,float64,,,
HDR25_Composite_indices_complete_time_series,pop_total_2017,float64,,,
HDR25_Composite_indices_complete_time_series,pop_total_2018,float64,,,
HDR25_Composite_indices_complete_time_series,pop_total_2019,float64,,,
HDR25_Composite_indices_complete_time_series,pop_total_2020,float64,,,
HDR25_Composite_indices_complete_time_series,pop_total_2021,float64,,,
HDR25_Composite_indices_complete_time_series,pop_total_2022,float64,,,
HDR25_Composite_indices_complete_time_series,pop_total_2023,float64,,,
movilidad_consolidada,ID_Viaje,int64,,,
movilidad_consolidada,Ciudad_Sede,str,,,
movilidad_consolidada,Estacion,str,,,
movilidad_consolidada,Pasajeros_Hora,int64,,,
noc_regions,NOC,str,,,
noc_regions,region,str,,,
noc_regions,notes,str,,,
paris_resultados_consolidados,date,str,,,
paris_resultados_consolidados,stage_code,str,,,
paris_resultados_consolidados,event_code,str,,,
paris_resultados_consolidados,event_name,str,,,
paris_resultados_consolidados,event_stage,str,,,
paris_resultados_consolidados,stage,str,,,
paris_resultados_consolidados,gender,str,,,
paris_resultados_consolidados,discipline_name,str,,,
paris_resultados_consolidados,discipline_code,str,,,
paris_resultados_consolidados,venue,str,,,
paris_resultados_consolidados,participant_code,str,,,
paris_resultados_consolidados,participant_name,str,,,
paris_resultados_consolidados,participant_type,str,,,
paris_resultados_consolidados,participant_country_code,str,,,
paris_resultados_consolidados,participant_country,str,,,
paris_resultados_consolidados,result,int64,,,
paris_resultados_consolidados,result_type,str,,,
paris_resultados_consolidados,result_WLT,str,,,
paris_resultados_consolidados,start_order,int64,,,
paris_resultados_consolidados,Deporte,str,,,
paris_resultados_consolidados,rank,float64,,,
paris_resultados_consolidados,qualification_mark,float64,,,
paris_resultados_consolidados,bib,float64,,,
paris_resultados_consolidados,result_diff,float64,,,
paris_resultados_consolidados,result_IRM,float64,,,
reporte_validacion,Prueba,str,,,
reporte_validacion,Dataset,str,,,
reporte_validacion,Detalle,str,,,
reporte_validacion,Resultado,str,,,
tickets_consolidados,ID_Ticket,int64,,,
tickets_consolidados,Fecha_Compra,str,,,
tickets_consolidados,ID_Evento,int64,,,
tickets_consolidados,Precio_USD,float64,,,
tickets_consolidados,Categoria,str,,,
tweets_consolidados,id,int64,,,
tweets_consolidados,text,str,,,
tweets_consolidados,user_screen_name,str,,,
tweets_consolidados,user_location,str,,,
tweets_consolidados,retweet_count,int64,,,
tweets_consolidados,favorited,bool,,,
tweets_consolidados,favorite_count,int64,,,
tweets_consolidados,user_description,str,,,
tweets_consolidados,user_created_at,str,,,
tweets_consolidados,user_followers,float64,,,
tweets_consolidados,user_friends,int64,,,
tweets_consolidados,date,str,,,
tweets_consolidados,language,str,,,
tweets_consolidados,user_name,float64,,,
tweets_consolidados,user_created,float64,,,
tweets_consolidados,user_favourites,float64,,,
tweets_consolidados,user_verified,float64,,,
tweets_consolidados,hashtags,float64,,,
tweets_consolidados,source,float64,,,
tweets_consolidados,retweets,float64,,,
tweets_consolidados,favorites,float64,,,
tweets_consolidados,is_retweet,float64,,,
tweets_consolidados,-26 02:26:52,float64,,,
tweets_consolidados,6860,float64,,,
tweets_consolidados,4118,float64,,,
tweets_consolidados,17936,float64,,,
tweets_consolidados,True,float64,,,
tweets_consolidados,2021-07-26 02:20:04,float64,,,
tweets_consolidados,Is @Channel7 playing the Dark Knight theme over the preview to Titmus vs Ledecky? #Swimming #Tokyo2020,float64,,,
tweets_consolidados,"['Swimming', 'Tokyo2020']",float64,,,
tweets_consolidados,Twitter for iPhone,float64,,,
tweets_consolidados,0.0,float64,,,
tweets_consolidados,2.0,float64,,,
tweets_consolidados,False,float64,,,
